{
    "DocVQA": 0.040381379697139654,
    "TextVQA": 0.2398,
    "STVQA": 0.1555,
    "NoCaps": 0.30430790141945546
}