{
    "IIIT5K": 0.3606666666666667,
    "SVT": 0.21947449768160743,
    "IC13": 0.2028301886792453,
    "IC15": 0.31439576311988443,
    "SVTP": 0.34418604651162793,
    "CUTE80": 0.3715277777777778,
    "COCO-Text": 0.21144076407234302,
    "Total-Text": 0.31015801354401806,
    "WordArt": 0.3944407677035076
}