{
    "IIIT5K": 0.197,
    "SVT": 0.11128284389489954,
    "IC13": 0.10023584905660378,
    "IC15": 0.1608088589311507,
    "SVTP": 0.15193798449612403,
    "CUTE80": 0.2152777777777778
}