{
    "IIIT5K": 0.18733333333333332,
    "SVT": 0.10973724884080371,
    "IC13": 0.09787735849056604,
    "IC15": 0.17621569571497353,
    "SVTP": 0.16279069767441862,
    "CUTE80": 0.2222222222222222,
    "COCO-Text": 0.10312944523470839,
    "Total-Text": 0.16117381489841986,
    "WordArt": 0.27663798808735934
}