{
    "COCO-Text": 0.09174964438122332,
    "Total-Text": 0.16117381489841986,
    "WordArt": 0.27796161482461945
}