{
    "IIIT5K": 0.139,
    "SVT": 0.08346213292117466,
    "IC13": 0.07429245283018868,
    "IC15": 0.11940298507462686,
    "SVTP": 0.10387596899224806,
    "CUTE80": 0.2013888888888889,
    "COCO-Text": 0.055882950619792725,
    "Total-Text": 0.10790067720090293,
    "WordArt": 0.21244209133024486,
    "CTW": 0.07124681933842239,
    "HOST": 0.07533112582781457,
    "WOST": 0.08733443708609272
}