{
    "IIIT5K": 0.20133333333333334,
    "SVT": 0.10664605873261206,
    "IC13": 0.10966981132075472,
    "IC15": 0.17573423206547906,
    "SVTP": 0.16589147286821707,
    "CUTE80": 0.20833333333333334,
    "COCO-Text": 0.10089412720991668,
    "Total-Text": 0.15936794582392777,
    "WordArt": 0.27663798808735934
}